site_id,flagged_evap_always_exceeds_rainfall,flagged_evap_never_exceeds_rainfall,max_deficit_rain_minus_evap,annual_rain_total,annual_evap_total
0000,False,False,202.71600000000007,2163.0633333333335,1673.3404444444445
0001,False,False,147.61911111111104,2405.18,1694.603111111111
0002,False,False,276.21111111111105,2962.1699999999996,1786.2399999999998
0003,False,False,247.70799999999997,1981.0033333333329,1856.3448888888886
0004,False,False,163.38000000000008,2348.4666666666667,1739.822666666667
0005,False,False,145.9826666666666,2753.7933333333335,1904.7848888888889
0006,False,False,44.974666666666664,1609.1066666666668,1843.5586666666668
0007,False,False,279.46288888888887,2833.453333333333,1754.8266666666666
0008,False,False,162.43111111111116,2385.81,1811.0408888888887
0009,False,False,203.88244444444425,2255.16,2040.7955555555557
0010,False,False,433.2151111111111,2411.2233333333334,1775.9702222222222
0011,False,False,476.66666666666674,1686.8733333333332,2173.8142222222223
0012,False,False,471.0406666666667,1661.1199999999997,2179.278222222222
0013,False,False,485.02422222222214,3499.283333333334,1631.2235555555555
0014,False,False,644.4555555555555,2315.626666666667,1879.950222222222
0015,False,False,383.94666666666666,2910.3233333333333,1804.0822222222223
0016,False,False,359.3735555555555,2372.5866666666666,1877.7386666666666
0017,False,False,143.17511111111105,1798.4966666666664,1810.5475555555554
0018,False,False,593.6357777777778,3206.943333333333,1786.1884444444445
0019,True,False,-22.358444444444473,920.2966666666666,2022.6115555555557
0020,False,False,344.7084444444446,2251.6400000000003,1730.8533333333335
0021,False,False,1008.690222222222,3254.2433333333333,1888.1871111111116
0022,False,False,0.8451111111111231,1453.7666666666669,1951.2995555555553
0023,False,False,475.86777777777786,2612.873333333333,1797.823111111111
0024,False,False,388.44666666666683,2975.8766666666666,1679.836
0025,True,False,-13.144888888888914,1239.8033333333335,2057.1302222222225
0026,False,False,389.06355555555564,2560.3399999999997,1903.995555555556
0027,True,False,-7.108222222222167,1375.4133333333334,1947.0680000000002
0028,False,False,894.3837777777778,4096.233333333334,1741.888888888889
0029,False,False,156.44600000000005,1416.7633333333333,2302.6013333333335
0030,False,False,190.58777777777772,1621.3033333333328,2044.644888888889
0031,False,False,90.4122222222222,954.2466666666667,2302.3342222222227
0032,False,False,201.66177777777787,1561.4033333333334,2176.614222222222
0033,False,False,15.220444444444382,585.2066666666666,2687.7973333333334
0034,False,False,90.1108888888889,829.1733333333333,2426.2368888888886
0035,False,False,121.77133333333342,1091.3999999999999,2198.4386666666664
0036,False,False,109.80822222222221,1054.0800000000002,2408.773777777778
0037,False,False,150.7611111111111,1446.4,2070.703111111111
0038,False,False,223.56422222222218,1000.6966666666666,2382.9373333333333
0039,False,False,287.37266666666676,1335.1233333333334,2210.5742222222225
0040,False,False,391.3886666666666,1486.3433333333332,2160.844444444444
0041,False,False,163.87511111111107,1562.5,2095.0622222222228
0042,False,False,306.1533333333333,1526.6200000000001,2214.6604444444447
0043,False,False,67.18199999999993,720.3033333333332,2729.2546666666667
0044,False,False,281.992888888889,1205.5133333333333,2264.9200000000005
0045,False,False,87.28022222222222,748.7033333333334,2901.722222222222
0046,False,False,315.7668888888889,1441.3333333333335,2235.668888888889
0047,False,False,142.12444444444446,1623.2266666666667,1914.9275555555557
0048,False,False,162.90688888888886,1494.3433333333335,2028.7484444444444
0049,False,False,171.59555555555556,1436.8166666666668,1908.2035555555558
0050,False,False,192.77044444444445,1552.743333333333,2074.085777777778
0051,True,False,-17.468666666666678,621.9233333333333,1859.9324444444449
0052,False,False,201.77488888888894,1723.3133333333335,1914.3746666666666
0053,False,False,172.26755555555553,1378.95,1900.1280000000004
0054,False,False,211.04111111111118,1288.06,2203.7306666666664
0055,False,False,68.85755555555554,936.4066666666668,2216.3142222222223
0056,False,False,186.03711111111107,1273.6266666666666,2149.3591111111114
0057,False,False,114.04733333333337,1479.8433333333335,1903.831111111111
0058,False,False,78.19466666666665,832.5433333333333,2200.982666666667
0059,False,False,142.4948888888889,1676.6366666666665,1852.3071111111108
0060,False,False,194.06444444444446,881.9666666666668,2463.160888888889
0061,False,False,104.52066666666661,824.3033333333333,2733.481333333333
0062,False,False,137.0177777777777,977.8599999999999,2646.2408888888885
0063,False,False,57.4497777777778,580.86,2969.6093333333333
0064,False,False,56.978888888888804,713.0366666666665,2304.817333333333
0065,False,False,189.27911111111118,1070.4699999999998,2425.524888888888
0066,False,False,217.60911111111116,1213.2433333333333,2412.5502222222217
0067,False,False,64.23222222222222,921.6933333333332,2234.7093333333332
0068,True,False,-17.287999999999982,786.3466666666667,2306.7253333333333
0069,False,False,156.28288888888892,1123.5033333333333,2336.8617777777777
0070,True,False,-9.283999999999963,890.6199999999999,2160.3617777777777
0071,False,False,54.50822222222226,901.8666666666668,2399.116888888889
0072,False,False,259.30266666666665,1488.226666666667,2124.286666666667
0073,False,False,87.24111111111111,836.7233333333334,2310.371555555556
0074,False,False,150.9326666666667,1444.1100000000001,2124.845333333333
0075,False,False,175.61644444444437,1577.5433333333333,1868.773333333333
0076,True,False,-14.064222222222213,812.6266666666667,2226.704444444444
0077,False,False,93.57133333333334,938.9066666666665,2427.5391111111107
0078,False,False,66.0637777777778,900.3733333333333,2248.1413333333335
0079,False,False,96.49311111111115,975.9533333333334,2147.9417777777776
0080,False,False,187.10222222222222,1478.8766666666666,1922.677777777778
0081,True,False,-27.081555555555553,970.7533333333334,2344.395555555556
0082,False,False,99.64688888888887,963.2666666666668,2212.3182222222217
0083,True,False,-18.416888888888906,845.0166666666667,2315.0911111111113
0084,False,False,138.54377777777785,1466.25,1964.278666666667
0085,False,False,131.67555555555552,1029.553333333333,2334.8017777777777
0086,False,False,40.323999999999955,490.69666666666666,2772.0226666666667
0087,False,False,95.03377777777777,1252.2233333333334,2094.148888888889
0088,False,False,153.87711111111113,1639.9633333333336,1674.4937777777777
0089,False,False,232.89844444444435,1684.6966666666667,2039.8919999999998
0090,False,False,251.97333333333336,1380.9566666666667,2210.844444444445
0091,False,False,167.18355555555553,1319.9466666666667,2267.402222222222
0092,False,False,231.916888888889,1368.2600000000002,2158.7666666666664
0093,True,False,-20.94755555555554,670.0766666666667,2637.4368888888885
0094,False,False,129.45111111111112,1117.3566666666668,2100.1351111111107
0095,False,False,250.52466666666666,1455.5700000000002,2185.4377777777777
0096,False,False,7.804888888888854,859.8399999999999,2412.879111111111
0097,False,False,108.17266666666669,834.8333333333335,2696.576888888889
0098,False,False,156.39644444444448,1336.3366666666666,2112.1960000000004
0099,False,False,99.34822222222223,865.9633333333334,2421.0644444444442
0100,False,False,117.18977777777778,871.5566666666666,2704.1408888888895
0101,False,False,38.50622222222222,1038.96,2104.8080000000004
0102,True,False,-4.183777777777806,849.6533333333334,2432.7128888888888
0103,False,False,101.33600000000007,726.2800000000001,2811.5275555555554
0104,False,False,116.07066666666671,712.1233333333332,2915.0835555555554
0105,False,False,176.652888888889,1537.6266666666668,2022.0884444444446
0106,False,False,75.18044444444445,1353.5333333333333,1977.2937777777777
0107,False,False,74.4422222222222,764.9399999999999,2699.172444444445
0108,False,False,157.4477777777778,1376.3766666666668,1984.7226666666666
0109,False,False,313.1251111111111,1344.7,2273.2879999999996
0110,False,False,165.27933333333337,1009.5433333333332,2440.402222222222
0111,False,False,187.7095555555556,1067.4966666666667,2360.8586666666665
0112,False,False,131.15266666666665,1041.1566666666665,2440.1306666666665
0113,False,False,272.8217777777777,1396.5933333333335,2241.943555555556
0114,False,False,69.75800000000001,1228.073333333333,2000.9355555555553
0115,False,False,170.7053333333333,1586.3066666666666,2088.6871111111113
0116,False,False,60.09333333333336,559.4399999999999,2872.287111111111
0117,False,False,96.33355555555553,1159.1833333333334,2039.2026666666663
0118,False,False,179.86155555555564,1634.5733333333333,1993.7773333333332
0119,False,False,257.87644444444436,1058.4599999999998,2389.1755555555555
0120,False,False,262.75200000000007,1178.4933333333333,2262.237777777778
0121,False,False,228.62800000000001,1088.4,2250.348444444445
0122,False,False,180.35422222222226,1089.8233333333333,2427.1
0123,False,False,159.1311111111111,997.7866666666666,2447.847555555555
0124,False,False,144.3946666666667,1683.2633333333335,2084.283111111111
0125,False,False,150.14955555555557,1524.5066666666667,2015.4657777777777
0126,False,False,2.621777777777794,889.6233333333333,2405.347111111111
0127,False,False,80.93977777777775,1190.0033333333336,2090.305777777778
0128,False,False,124.70688888888895,1194.5366666666666,1926.8839999999998
0129,False,False,180.2557777777778,1851.8133333333337,1948.102666666667
0130,False,False,150.59355555555555,1473.253333333333,2127.1577777777775
0131,False,False,121.2106666666667,1016.5033333333336,2380.716888888889
0132,False,False,169.53311111111103,1598.4966666666667,2061.786222222222
0133,False,False,176.31688888888883,1160.5066666666667,2297.1146666666664
0134,False,False,78.23111111111109,745.0266666666666,2469.2862222222225
0135,True,False,-33.053999999999974,717.2866666666666,2591.1275555555553
0136,False,False,132.24377777777778,1393.1633333333334,1971.6955555555553
0137,False,False,70.256888888889,898.1633333333332,2475.3795555555553
0138,False,False,180.5815555555555,1407.24,1948.6048888888888
0139,False,False,29.098666666666702,823.7466666666667,2344.9519999999998
0140,False,False,99.31600000000006,803.2533333333334,2779.2324444444444
0141,False,False,183.88911111111102,1694.103333333333,2525.8506666666663
0142,False,False,124.14222222222223,1102.023333333333,2318.9964444444445
0143,True,False,-45.536888888888896,733.68,2122.8702222222223
0144,False,False,73.60955555555557,1060.6166666666668,2249.653333333333
0145,False,False,63.42955555555554,1247.02,2052.231111111111
0146,False,False,137.34622222222222,1005.14,2119.7355555555555
0147,False,False,129.873111111111,1320.1466666666665,2020.0457777777779
0148,False,False,120.28844444444437,990.3299999999999,2110.2360000000003
0149,False,False,259.2093333333333,1351.4499999999998,2105.377777777778
0150,False,False,69.33822222222221,897.3566666666667,1857.5426666666665
0151,False,False,132.5655555555556,788.1933333333334,2724.4613333333327
0152,True,False,-3.2399999999999807,814.3466666666667,1914.6013333333335
0153,False,False,369.4782222222222,2196.85,1824.224
0154,False,False,178.4628888888889,1006.87,2418.3004444444446
0155,True,False,-12.28488888888893,818.2533333333334,2391.2893333333336
0156,False,False,111.58333333333343,876.4799999999999,2630.2733333333335
0157,False,False,313.8417777777779,1342.7233333333336,2257.8333333333335
0158,False,False,105.65177777777768,1026.2466666666667,2132.7408888888885
0159,False,False,144.54422222222223,1073.3366666666668,2468.262222222222
0160,False,False,99.27844444444446,805.86,2867.203111111111
0161,True,False,-13.240888888888861,820.8866666666667,2385.6404444444443
0162,False,False,221.73177777777775,1596.0366666666666,1987.4995555555554
0163,False,False,350.0484444444444,1686.2500000000002,2058.3506666666667
0164,False,False,312.2511111111112,1900.93,1859.3533333333332
0165,False,False,32.692444444444476,992.5799999999998,2225.386222222222
0166,True,False,-27.591777777777708,750.57,2252.920444444445
0167,False,False,148.73688888888887,1391.6,1695.9751111111111
0168,False,False,109.03688888888897,901.7566666666668,2343.657777777778
0169,False,False,28.379777777777747,924.8733333333332,2134.110666666667
0170,False,False,116.46888888888893,1003.4566666666667,2363.7511111111107
0171,False,False,103.66911111111108,1109.1799999999998,2187.7119999999995
0172,False,False,157.9377777777778,1497.3266666666664,1897.94
0173,False,False,137.95177777777772,902.2733333333333,2339.1457777777778
0174,False,False,152.71844444444434,1417.716666666667,1986.6262222222222
0175,False,False,100.99466666666663,761.2933333333333,2854.795111111111
0176,False,False,76.54466666666667,1175.0799999999997,2100.9346666666665
0177,True,False,-23.28666666666669,827.6466666666666,2305.8853333333336
0178,False,False,331.1182222222223,1403.3100000000002,2105.148888888889
0179,False,False,0.22177777777784513,983.5566666666666,2058.0622222222223
0180,False,False,179.21133333333327,1544.2966666666669,1928.123111111111
0181,False,False,229.95777777777775,1211.2600000000002,2241.1066666666666
0182,False,False,113.33444444444447,1335.7200000000003,2027.6422222222225
0183,False,False,38.284666666666595,1225.3033333333333,2128.8897777777775
0184,False,False,143.81755555555546,1233.38,2027.2346666666667
0185,False,False,172.16311111111102,1457.8200000000002,2182.988888888889
0186,False,False,90.89933333333329,843.6899999999999,2678.802222222222
0187,True,False,-27.23088888888887,798.6800000000001,2392.38
0188,False,False,19.496666666666698,1280.7633333333333,2083.0968888888888
0189,False,False,95.68866666666669,1139.4833333333333,2118.7671111111113
0190,False,False,131.40200000000004,1292.8766666666668,2175.4088888888887
0191,False,False,238.31844444444445,1165.3033333333333,2220.7800000000007
0192,False,False,206.6751111111112,1338.72,2143.746222222222
0193,False,False,99.8711111111111,962.2066666666668,2188.5542222222225
0194,False,False,73.41288888888892,1290.49,2058.3360000000002
0195,False,False,264.9848888888889,1327.1666666666667,2237.9537777777778
0196,False,False,99.42222222222219,700.7966666666666,2802.445777777778
0197,False,False,79.47644444444444,630.42,2808.6142222222225
0198,False,False,29.375555555555508,1128.3266666666666,2128.8093333333336
0199,False,False,137.58644444444437,996.1966666666666,2236.250222222222
0200,False,False,40.77511111111113,1053.7633333333333,2166.708888888889
0201,False,False,106.81911111111104,837.0233333333331,2347.895555555556
0202,True,False,-10.261555555555532,656.6666666666665,2540.972444444444
0203,False,False,94.91599999999994,894.5600000000001,2412.0653333333335
0204,False,False,59.194000000000045,676.6933333333334,2780.838222222222
0205,False,False,79.08777777777775,710.02,2899.827555555556
0206,False,False,108.63399999999999,894.6466666666666,2658.5137777777777
0207,False,False,64.26888888888885,1016.0233333333333,2300.384444444444
0208,True,False,-10.985333333333273,646.1600000000001,2613.754222222222
0209,False,False,143.01933333333324,1138.756666666667,2529.3395555555558
0210,True,False,-12.959111111111127,857.9599999999999,2294.5986666666668
0211,False,False,265.7233333333333,1377.2833333333333,2177.420888888889
0212,False,False,170.21800000000002,1110.6366666666668,2019.9035555555558
0213,False,False,294.22288888888886,1539.0966666666666,1979.176888888889
0214,False,False,54.798444444444456,952.7,1978.1799999999998
0215,False,False,78.76999999999998,886.9399999999998,2316.267555555555
0216,False,False,163.16799999999998,1543.956666666667,2123.7466666666664
0217,False,False,310.61533333333335,1420.5000000000002,2185.7066666666665
0218,False,False,74.0675555555556,1320.82,2093.539111111111
0219,False,False,291.2891111111111,1279.1900000000003,2248.7942222222227
0220,False,False,100.11044444444448,1122.7233333333336,2189.6857777777777
0221,True,False,-7.623555555555555,1293.4033333333332,2064.0764444444444
0222,False,False,664.374888888889,3511.0266666666666,1786.2444444444443
0223,False,False,73.71666666666667,602.1666666666666,2907.8928888888886
0224,False,False,95.78888888888886,721.4666666666666,2910.972
0225,False,False,28.927111111111145,1071.44,2183.4013333333332
0226,False,False,14.948000000000036,961.74,2222.7684444444444
0227,False,False,223.21911111111103,2316.706666666667,1873.1106666666667
0228,False,False,272.92,1496.53,2170.152888888889
0229,False,False,61.656222222222254,715.9399999999999,2683.0986666666663
0230,False,False,192.22266666666667,1263.466666666667,2011.550666666667
0231,False,False,125.77177777777771,1124.6499999999999,2330.7279999999996
0232,False,False,208.78622222222214,1300.5533333333335,2158.8666666666663
0233,False,False,90.13066666666663,806.3833333333332,2624.482222222222
0234,False,False,8.081333333333333,888.5933333333331,2420.5800000000004
0235,False,False,27.171555555555557,946.32,2271.319111111111
0236,False,False,333.7942222222224,1497.2333333333333,2356.9604444444444
0237,False,False,20.58200000000005,1072.0433333333335,1999.937333333333
0238,False,False,125.08133333333336,1064.7866666666666,2616.052
0239,False,False,75.22244444444442,895.3066666666667,1867.1213333333335
0240,False,False,112.09555555555556,1069.7833333333333,2377.2484444444444
0241,False,False,104.36977777777778,1369.9266666666667,2237.700888888889
0242,False,False,171.31044444444447,1574.28,2147.096888888889
0243,False,False,130.14022222222226,1595.6533333333334,1982.9964444444447
0244,False,False,79.76422222222229,808.0600000000002,2580.7048888888885
0245,False,False,319.16422222222224,1384.1233333333334,2145.9591111111113
0246,False,False,110.07111111111107,849.5233333333334,2729.360444444445
0247,False,False,295.5426666666668,1226.8600000000001,2337.4044444444444
0248,False,False,94.57800000000003,1161.8566666666666,2449.608444444444
0249,False,False,213.0544444444445,1930.3100000000004,1749.1293333333333
0250,False,False,284.31688888888885,1345.4066666666665,2227.362222222222
0251,False,False,60.9857777777778,1240.7633333333333,1931.5982222222224
0252,False,False,72.31577777777773,1326.6433333333334,2128.4911111111114
0253,True,False,-19.405333333333317,1053.2466666666667,2218.0582222222224
0254,False,False,67.29044444444438,720.3033333333332,2725.275555555555
0255,False,False,73.22933333333327,639.5233333333333,2928.0311111111114
0256,False,False,19.636444444444464,940.2200000000003,2295.274222222222
0257,False,False,153.54555555555555,944.0366666666667,2560.0288888888886
0258,True,False,-7.6886666666666486,870.2466666666667,2023.1488888888887
0259,False,False,160.19711111111113,1386.8999999999999,1876.630666666667
0260,True,False,-11.5097777777778,781.9133333333334,2531.0862222222217
0261,False,False,74.74000000000001,1060.73,2349.626666666667
0262,False,False,245.35333333333335,1303.0866666666666,2214.4342222222217
0263,False,False,40.56600000000003,885.32,2210.8675555555556
0264,False,False,200.65555555555554,1554.5933333333337,1817.0186666666668
0265,False,False,181.5513333333333,1603.36,1836.1853333333331
0266,False,False,55.52933333333334,686.4766666666667,2870.1786666666662
0267,False,False,272.21400000000006,1771.9833333333333,2221.764888888889
0268,False,False,226.7091111111111,1365.9633333333331,2225.264
0269,False,False,55.48888888888888,554.21,2883.286666666667
0270,False,False,112.48222222222222,942.5166666666667,2092.081777777778
0271,False,False,214.92488888888886,1219.3700000000001,2259.852
0272,False,False,274.09444444444455,1200.5066666666667,2253.5355555555557
0273,False,False,111.85777777777778,729.5766666666666,2841.2182222222223
0274,False,False,24.313555555555524,905.7366666666667,2019.1311111111108
0275,False,False,27.26977777777779,985.3566666666668,2044.7426666666665
0276,False,False,14.413999999999959,1115.52,2338.458222222222
0277,False,False,142.63022222222216,1269.8899999999996,2111.4151111111114
0278,False,False,140.5133333333333,1294.4033333333334,2151.4862222222223
0279,False,False,1.5040000000000475,883.8766666666668,2305.287111111111
0280,False,False,172.52866666666665,1584.3233333333335,1832.0666666666666
0281,False,False,278.5795555555557,1322.61,2198.8657777777776
0282,False,False,257.9915555555556,1788.01,1915.520888888889
0283,False,False,204.66311111111108,1657.406666666667,1961.3604444444447
0284,True,False,-34.102444444444444,857.9966666666666,2387.8693333333335
0285,False,False,281.3960000000001,1165.4333333333334,2353.4017777777776
0286,False,False,80.148,1251.8300000000002,2054.1911111111112
0287,False,False,140.63533333333334,1174.1366666666668,2337.8595555555553
0288,False,False,210.8662222222222,1758.6066666666663,1910.580888888889
0289,False,False,257.3037777777778,1147.0966666666664,2292.6568888888887
0290,False,False,139.6426666666666,1618.7100000000003,1946.6715555555554
0291,False,False,82.14888888888882,1318.26,2059.8631111111113
0292,False,False,220.72288888888875,1732.4833333333331,1806.6879999999999
0293,False,False,292.1039999999999,1466.49,2191.187111111112
0294,False,False,183.43000000000004,1170.7233333333331,2293.389333333333
0295,False,False,98.29088888888899,705.84,2802.521333333333
0296,False,False,47.80711111111117,837.4733333333334,2596.9688888888886
0297,False,False,393.91044444444447,1398.46,2368.7844444444445
0298,False,False,143.25088888888897,1716.3266666666666,2041.3346666666664
0299,False,False,58.27488888888894,1023.3466666666667,2428.6106666666665
0300,False,False,228.0937777777779,1013.4733333333334,2421.569333333333
0301,False,False,82.35155555555556,1104.2533333333333,2180.0191111111108
0302,False,False,120.97,891.8966666666666,2737.621333333333
0303,False,False,189.80733333333336,1629.64,1847.7093333333335
0304,False,False,127.16177777777784,1565.3833333333334,2086.991111111111
0305,False,False,153.1086666666667,1479.7466666666667,2127.5973333333327
0306,False,False,190.83044444444445,1678.273333333333,1845.076444444444
0307,True,False,-58.35933333333333,497.3333333333333,2332.610222222222
0308,False,False,89.67022222222226,1136.1933333333334,1989.5266666666666
0309,False,False,213.83200000000002,1767.15,1781.679111111111
0310,False,False,149.34600000000006,1338.5766666666666,1952.2426666666668
0311,False,False,56.72266666666667,1119.8866666666668,2127.289777777778
0312,True,False,-13.166666666666686,833.04,2186.1844444444446
0313,False,False,114.84044444444439,905.1566666666665,2439.0626666666662
0314,False,False,70.84022222222215,995.49,2268.078666666667
0315,False,False,65.29511111111114,695.0933333333334,2495.436
0316,False,False,99.94555555555556,1053.5133333333335,2076.338666666667
0317,True,False,-8.247555555555522,793.7566666666665,2523.384
0318,False,False,84.67888888888888,916.8066666666666,2331.2746666666667
0319,False,False,74.89266666666657,660.0766666666668,2778.902666666667
0320,False,False,150.04888888888888,1594.73,2168.032888888889
0321,False,False,153.14155555555556,1073.29,2099.558222222222
0322,False,False,57.03333333333342,825.6166666666666,2348.2382222222222
0323,False,False,39.29599999999999,576.2066666666667,2698.78
0324,False,False,64.67688888888887,1250.5400000000002,1897.7813333333334
0325,False,False,252.71733333333327,1560.986666666667,1907.0888888888892
0326,False,False,89.80755555555555,1514.5466666666669,1951.1035555555557
0327,True,False,-47.0115555555555,401.96000000000004,2797.927555555555
0328,False,False,117.65266666666659,869.1533333333333,2162.8404444444445
0329,True,False,-18.609555555555602,561.2900000000001,2085.5613333333336
0330,True,False,-147.56199999999998,235.28333333333336,2693.172
0331,False,False,6.851111111111038,1024.27,2019.0035555555555
0332,True,False,-198.0044444444444,146.9066666666667,3821.8444444444444
0333,True,False,-198.49822222222224,147.72333333333333,3813.839111111111
0334,True,False,-125.69666666666663,320.35333333333335,3080.604444444444
0335,True,False,-95.14955555555555,232.42000000000002,3540.2795555555554
0336,True,False,-169.31711111111107,166.5533333333333,2636.249333333333
0337,True,False,-214.23977777777776,105.39333333333336,3360.1897777777776
0338,True,False,-5.062222222222232,479.2766666666667,2768.3835555555556
0339,True,False,-212.06866666666664,127.20000000000002,3922.5057777777783
0340,True,False,-148.01399999999995,191.55333333333334,3423.563111111112
0341,True,False,-75.50355555555554,382.79666666666674,2293.6075555555553
0342,True,False,-105.51599999999996,226.72,3515.046222222222
0343,True,False,-143.594,213.78333333333333,2572.5408888888887
0344,True,False,-260.8884444444445,41.12666666666666,4145.103999999999
0345,True,False,-68.07955555555557,268.1333333333334,3517.883555555555
0346,True,False,-55.304666666666705,571.3766666666666,2149.747555555555
0347,True,False,-254.09444444444446,7.953333333333333,4297.4
0348,True,False,-26.06800000000004,709.4033333333333,2442.4711111111114
0349,False,False,76.40933333333328,900.2066666666666,2188.8017777777777
0350,False,False,69.11999999999998,616.0433333333333,2986.802666666667
0351,True,False,-45.29711111111108,692.85,2433.972444444444
0352,True,False,-29.824888888888893,677.1766666666667,2594.280888888889
0353,True,False,-6.995333333333377,743.41,2481.677777777778
0354,True,False,-24.141333333333307,803.9766666666667,2366.813333333333
0355,False,False,62.27644444444448,854.43,2392.5239999999994
0356,False,False,20.659111111111088,471.32666666666665,2956.6537777777776
0357,True,False,-32.78622222222222,703.0799999999999,2574.3417777777777
0358,False,False,72.19933333333339,932.2166666666667,2232.66
0359,True,False,-3.8668888888888375,399.4566666666667,3075.840888888889
0360,True,False,-42.93933333333328,665.1566666666665,2805.4151111111114
0361,False,False,42.049999999999955,842.5166666666667,2646.7448888888885
0362,True,False,-25.2451111111111,712.8700000000001,2718.8995555555553
0363,False,False,26.551333333333304,435.59000000000003,3319.634222222222
0364,True,False,-15.404222222222188,612.69,2393.4377777777777
0365,True,False,-22.17244444444438,733.6166666666666,2569.780444444445
0366,True,False,-30.118888888888932,712.29,2630.9795555555556
0367,False,False,55.2282222222222,568.0500000000001,2937.3079999999995
0368,True,False,-5.793999999999983,726.5133333333333,2401.5817777777775
0369,True,False,-66.98022222222221,538.7566666666668,2479.574666666667
0370,True,False,-7.568666666666644,413.85999999999996,3143.358666666666
0371,False,False,29.568444444444452,535.39,2961.9937777777773
0372,False,False,43.60400000000004,786.9733333333332,2169.1137777777776
0373,False,False,34.75199999999998,757.5499999999998,2427.8946666666666
0374,True,False,-21.75155555555557,802.3733333333334,2380.911111111111
0375,True,False,-11.22133333333332,765.3766666666668,2736.5
0376,False,False,56.997111111111195,684.2333333333335,2648.4573333333337
0377,True,False,-25.462000000000018,671.4399999999999,2603.8502222222223
0378,False,False,62.906222222222254,681.19,2609.596888888889
0379,True,False,-41.2544444444444,653.9966666666667,2690.0168888888884
0380,False,False,73.6451111111111,674.01,2908.667555555555
0381,True,False,-42.97799999999998,665.1566666666665,2806.168444444444
0382,True,False,-26.52022222222223,698.7066666666667,2596.626222222222
0383,False,False,90.07888888888888,870.4566666666668,2317.356
0384,False,False,12.918222222222226,769.5366666666666,2317.319555555556
0385,False,False,71.7882222222222,614.8,2903.288444444445
0386,True,False,-7.702444444444467,388.81,3083.4737777777773
0387,False,False,58.05466666666666,747.96,2450.577777777778
0388,True,False,-56.87488888888892,598.0333333333333,2639.1808888888886
0389,True,False,-38.42844444444438,330.02000000000004,3352.764444444444
0390,False,False,63.83422222222222,646.3333333333333,2912.2471111111113
0391,False,False,16.672444444444466,552.1033333333334,2546.993777777778
0392,False,False,53.215111111111156,603.7633333333334,3008.994666666667
0393,True,False,-75.01044444444443,480.7166666666667,2230.4537777777778
0394,True,False,-63.315111111111065,469.5766666666667,2153.1288888888885
0395,False,False,8.018000000000058,392.8133333333334,3118.4195555555552
0396,False,False,66.1746666666667,624.3133333333334,2967.374222222222
0397,True,False,-30.54066666666671,626.4133333333333,2546.418666666667
0398,False,False,9.722888888888946,783.5200000000001,2393.545777777778
0399,False,False,43.42577777777774,609.74,2998.136444444445
0400,True,False,-31.04444444444445,672.1666666666666,2586.8435555555557
0401,False,False,195.4971111111111,1041.7033333333334,2363.4373333333333
0402,False,False,47.77977777777784,591.0933333333335,2946.7088888888893
0403,False,False,47.57844444444453,575.21,2914.693777777777
0404,False,False,181.0093333333333,1022.5833333333333,2372.9773333333333
0405,False,False,32.63911111111116,528.0366666666667,3045.0408888888887
0406,False,False,113.03222222222217,712.6766666666668,2521.272444444445
0407,False,False,43.70911111111107,655.86,2565.808
0408,False,False,26.743333333333396,512.72,2918.043111111111
0409,False,False,135.70711111111106,952.1466666666666,2472.8746666666666
0410,True,False,-22.46333333333334,346.50666666666666,3289.2568888888895
0411,False,False,56.824222222222204,617.8633333333332,2957.8244444444445
0412,False,False,68.96000000000004,870.3033333333334,2370.546666666667
0413,True,False,-39.151333333333284,658.6533333333334,2533.874222222222
0414,True,False,-36.65733333333327,355.0900000000001,2985.0008888888888
0415,True,False,-24.849555555555554,587.9300000000001,2497.8648888888893
0416,False,False,26.161111111111182,681.2600000000001,2430.137333333333
0417,True,False,-19.643777777777757,794.86,2366.174666666666
0418,False,False,121.81355555555561,900.1133333333333,2459.48
0419,False,False,18.67622222222218,550.1300000000001,2823.4404444444444
0420,False,False,44.38000000000005,565.4700000000001,2914.694222222222
0421,False,False,41.20466666666667,559.0400000000001,2938.52
0422,False,False,19.947555555555596,421.49,3093.0715555555557
0423,False,False,18.74444444444444,926.99,2355.650666666667
0424,True,False,-17.53800000000001,361.78999999999996,3176.644444444444
0425,True,False,-75.5071111111111,515.7966666666666,2301.3266666666664
0426,True,False,-5.009333333333387,850.4566666666666,2405.736
0427,False,False,14.629111111111143,550.9633333333334,2821.0359999999996
0428,False,False,29.97466666666665,469.60333333333335,3265.2137777777784
0429,True,False,-7.885555555555527,745.54,2430.6857777777777
0430,False,False,45.1273333333333,489.86999999999995,2911.0551111111113
0431,False,False,58.15177777777782,692.45,2574.1857777777777
0432,False,False,0.7231111111111375,753.9666666666666,2342.632
0433,False,False,56.495333333333235,562.1466666666666,2949.868
0434,False,False,63.30177777777777,623.24,2998.1288888888885
0435,False,False,54.80422222222225,691.1566666666668,2681.176
0436,False,False,41.870666666666665,572.5933333333334,2986.424888888889
0437,True,False,-11.997333333333273,399.8966666666667,2951.8182222222217
0438,False,False,50.18888888888884,578.9633333333333,2871.4164444444446
0439,True,False,-49.27133333333333,336.7333333333333,3333.670666666667
0440,False,False,73.3186666666667,720.1400000000001,2533.6226666666666
0441,False,False,15.233777777777789,719.2366666666668,2247.398222222222
0442,True,False,-62.70222222222219,279.91666666666663,3469.7360000000003
0443,False,False,523.7326666666668,2454.2233333333334,2166.300888888889
0444,False,False,259.0175555555554,1143.1799999999998,2172.7208888888886
0445,False,False,310.9644444444443,1286.1899999999996,2156.525333333333
0446,False,False,109.91511111111112,940.6566666666666,2511.3035555555557
0447,False,False,158.1828888888888,1438.3866666666663,2089.7342222222223
0448,False,False,208.44155555555562,1501.0566666666668,1667.2915555555553
0449,False,False,172.61977777777773,1186.18,1989.1026666666667
0450,False,False,249.30200000000008,1666.196666666667,1687.7440000000001
0451,False,False,124.3122222222222,1029.3000000000002,2302.2133333333336
0452,False,False,150.83666666666662,1095.8833333333332,1680.7075555555557
0453,False,False,290.2335555555557,1475.1233333333334,2038.794222222222
0454,False,False,71.21222222222221,854.19,2202.106222222222
0455,False,False,244.02111111111114,1096.8433333333335,2398.9364444444445
0456,False,False,223.14266666666663,1499.4833333333333,1745.1004444444443
0457,False,False,273.4871111111111,1676.0466666666664,1896.1333333333332
0458,False,False,267.19511111111115,1365.9633333333331,2082.780444444444
0459,False,False,191.37733333333338,1128.9066666666665,2188.6995555555554
0460,False,False,176.1491111111111,1642.1366666666668,1717.577333333333
0461,False,False,88.70555555555555,859.7366666666667,2231.778222222222
0462,False,False,233.69266666666664,1817.3600000000001,1664.109333333333
0463,False,False,58.080666666666616,1145.41,2271.6248888888886
0464,False,False,174.41355555555555,1200.3533333333332,2091.7155555555555
0465,False,False,75.33533333333335,750.6633333333335,2134.5435555555555
0466,False,False,305.9186666666667,1281.6466666666668,2285.166666666667
0467,False,False,272.585111111111,1212.54,2287.248888888889
0468,False,False,49.51288888888891,649.56,2211.0004444444444
0469,False,False,74.68022222222223,981.5033333333334,2098.1728888888883
0470,False,False,94.3984444444445,1021.9766666666667,1919.7524444444446
0471,False,False,164.56622222222217,1177.5766666666666,1907.9662222222223
0472,False,False,107.83822222222221,1055.0933333333335,2272.436444444445
0473,False,False,99.66666666666666,862.15,2001.7737777777777
0474,False,False,117.67933333333335,1327.4466666666667,1872.6577777777777
0475,False,False,206.56755555555554,1606.3799999999999,2047.9462222222226
0476,False,False,8.971111111111071,872.9433333333334,2016.720888888889
0477,False,False,104.58599999999993,1390.6699999999998,2134.8324444444447
0478,False,False,64.82133333333334,865.9966666666668,1989.2302222222222
0479,False,False,351.0235555555554,1741.6766666666665,2156.036
0480,False,False,264.84866666666676,1614.4233333333334,1923.3444444444444
0481,False,False,135.59333333333333,1373.4966666666664,1393.803111111111
0482,False,False,43.239777777777846,933.7833333333334,1936.245333333333
0483,False,False,106.09511111111118,894.8266666666668,2081.988
0484,False,False,11.251555555555598,779.8166666666667,2166.0377777777776
0485,True,False,-13.667777777777815,717.55,2068.947111111111
0486,False,False,135.01444444444442,1527.4366666666665,2030.1284444444445
0487,False,False,135.29977777777785,1352.1166666666668,2230.663555555556
0488,False,False,244.1959999999999,1426.3266666666666,1835.709777777778
0489,False,False,94.74355555555559,982.2666666666665,2035.5071111111113
0490,False,False,79.51111111111115,952.5366666666666,1834.2199999999998
0491,False,False,99.80022222222217,1168.8999999999999,2273.247555555555
0492,False,False,159.89866666666654,1453.9066666666665,1869.7786666666666
0493,True,False,-7.038444444444451,676.6933333333332,2072.940888888889
0494,False,False,167.61666666666673,1090.7766666666666,1986.6897777777776
0495,False,False,141.67599999999996,1689.1900000000003,1463.7280000000003
0496,False,False,212.98266666666666,2090.93,1391.4204444444442
0497,False,False,217.87644444444445,1913.3900000000003,1428.9075555555557
0498,False,False,177.0768888888889,1864.94,1450.956888888889
0499,False,False,63.0860000000001,1498.5566666666668,1867.8435555555554
