site_index,project_name,status,returncode,seconds
0,morris_batch_0000,ok,0,182.0
1,morris_batch_0001,ok,0,144.3
2,morris_batch_0002,ok,0,136.6
3,morris_batch_0003,ok,0,151.4
4,morris_batch_0004,ok,0,145.1
5,morris_batch_0005,ok,0,147.7
6,morris_batch_0006,ok,0,151.1
7,morris_batch_0007,ok,0,142.5
8,morris_batch_0008,ok,0,143.7
9,morris_batch_0009,ok,0,140.5
10,morris_batch_0010,ok,0,136.3
11,morris_batch_0011,ok,0,138.3
12,morris_batch_0012,ok,0,150.8
13,morris_batch_0013,ok,0,173.7
14,morris_batch_0014,ok,0,136.8
15,morris_batch_0015,ok,0,177.3
0,morris_batch_0000,ok,0,148.8
1,morris_batch_0001,ok,0,153.4
2,morris_batch_0002,ok,0,161.9
3,morris_batch_0003,ok,0,154.3
4,morris_batch_0004,ok,0,161.8
5,morris_batch_0005,ok,0,151.7
6,morris_batch_0006,ok,0,167.8
7,morris_batch_0007,ok,0,145.4
8,morris_batch_0008,ok,0,147.4
9,morris_batch_0009,ok,0,147.4
10,morris_batch_0010,ok,0,148.5
11,morris_batch_0011,ok,0,147.0
12,morris_batch_0012,ok,0,147.7
13,morris_batch_0013,ok,0,147.2
14,morris_batch_0014,ok,0,148.0
15,morris_batch_0015,ok,0,150.0
16,morris_batch_0016,ok,0,151.6
17,morris_batch_0017,ok,0,153.0
18,morris_batch_0018,ok,0,150.2
19,morris_batch_0019,ok,0,173.5
20,morris_batch_0020,ok,0,150.3
21,morris_batch_0021,ok,0,152.3
22,morris_batch_0022,ok,0,177.6
23,morris_batch_0023,ok,0,149.5
24,morris_batch_0024,ok,0,151.2
25,morris_batch_0025,ok,0,175.5
26,morris_batch_0026,ok,0,148.9
27,morris_batch_0027,ok,0,171.2
28,morris_batch_0028,ok,0,148.4
29,morris_batch_0029,ok,0,159.5
30,morris_batch_0030,ok,0,159.6
31,morris_batch_0031,ok,0,177.0
32,morris_batch_0032,ok,0,158.3
33,morris_batch_0033,ok,0,169.9
34,morris_batch_0034,ok,0,180.3
35,morris_batch_0035,ok,0,160.9
36,morris_batch_0036,ok,0,164.0
37,morris_batch_0037,ok,0,154.4
38,morris_batch_0038,ok,0,159.3
39,morris_batch_0039,ok,0,154.9
40,morris_batch_0040,ok,0,157.3
41,morris_batch_0041,ok,0,156.3
42,morris_batch_0042,ok,0,149.6
43,morris_batch_0043,ok,0,170.2
44,morris_batch_0044,ok,0,181.8
45,morris_batch_0045,ok,0,161.4
46,morris_batch_0046,ok,0,150.8
47,morris_batch_0047,ok,0,152.1
48,morris_batch_0048,ok,0,153.3
49,morris_batch_0049,ok,0,152.6
50,morris_batch_0050,ok,0,154.1
51,morris_batch_0051,ok,0,179.0
52,morris_batch_0052,ok,0,154.7
53,morris_batch_0053,ok,0,151.4
54,morris_batch_0054,ok,0,153.4
55,morris_batch_0055,ok,0,158.6
56,morris_batch_0056,ok,0,161.9
57,morris_batch_0057,ok,0,150.6
58,morris_batch_0058,ok,0,158.0
59,morris_batch_0059,ok,0,149.2
60,morris_batch_0060,ok,0,160.2
61,morris_batch_0061,ok,0,163.6
62,morris_batch_0062,ok,0,152.0
63,morris_batch_0063,ok,0,158.5
64,morris_batch_0064,ok,0,158.3
65,morris_batch_0065,ok,0,172.0
66,morris_batch_0066,ok,0,167.2
67,morris_batch_0067,ok,0,169.0
68,morris_batch_0068,ok,0,169.7
69,morris_batch_0069,ok,0,209.2
70,morris_batch_0070,ok,0,172.9
71,morris_batch_0071,ok,0,164.7
72,morris_batch_0072,ok,0,177.5
73,morris_batch_0073,ok,0,161.3
74,morris_batch_0074,ok,0,153.6
75,morris_batch_0075,ok,0,163.8
76,morris_batch_0076,ok,0,178.3
77,morris_batch_0077,ok,0,162.0
78,morris_batch_0078,ok,0,167.8
79,morris_batch_0079,ok,0,157.5
80,morris_batch_0080,ok,0,151.2
81,morris_batch_0081,ok,0,171.4
82,morris_batch_0082,ok,0,158.2
83,morris_batch_0083,ok,0,174.9
84,morris_batch_0084,ok,0,160.4
85,morris_batch_0085,ok,0,158.1
86,morris_batch_0086,ok,0,163.6
87,morris_batch_0087,ok,0,156.9
88,morris_batch_0088,ok,0,161.8
89,morris_batch_0089,ok,0,148.3
90,morris_batch_0090,ok,0,150.2
91,morris_batch_0091,ok,0,152.6
92,morris_batch_0092,ok,0,153.7
93,morris_batch_0093,ok,0,171.2
94,morris_batch_0094,ok,0,159.5
95,morris_batch_0095,ok,0,152.4
96,morris_batch_0096,ok,0,191.0
97,morris_batch_0097,ok,0,165.7
98,morris_batch_0098,ok,0,172.3
99,morris_batch_0099,ok,0,181.3
100,morris_batch_0100,ok,0,208.3
101,morris_batch_0101,ok,0,210.4
102,morris_batch_0102,ok,0,218.8
103,morris_batch_0103,ok,0,168.9
104,morris_batch_0104,ok,0,169.8
105,morris_batch_0105,ok,0,161.0
106,morris_batch_0106,ok,0,160.9
107,morris_batch_0107,ok,0,168.3
108,morris_batch_0108,ok,0,160.7
109,morris_batch_0109,ok,0,163.1
110,morris_batch_0110,ok,0,165.5
111,morris_batch_0111,ok,0,167.2
112,morris_batch_0112,ok,0,156.6
113,morris_batch_0113,ok,0,159.0
114,morris_batch_0114,ok,0,170.1
115,morris_batch_0115,ok,0,157.5
116,morris_batch_0116,ok,0,167.4
117,morris_batch_0117,ok,0,162.0
118,morris_batch_0118,ok,0,161.0
119,morris_batch_0119,ok,0,172.0
120,morris_batch_0120,ok,0,166.1
121,morris_batch_0121,ok,0,161.3
122,morris_batch_0122,ok,0,190.9
123,morris_batch_0123,ok,0,198.7
124,morris_batch_0124,ok,0,185.6
125,morris_batch_0125,ok,0,190.1
126,morris_batch_0126,ok,0,223.4
127,morris_batch_0127,ok,0,216.4
128,morris_batch_0128,ok,0,201.7
129,morris_batch_0129,ok,0,194.6
130,morris_batch_0130,ok,0,179.1
131,morris_batch_0131,ok,0,174.2
132,morris_batch_0132,ok,0,177.6
133,morris_batch_0133,ok,0,164.8
134,morris_batch_0134,ok,0,162.2
135,morris_batch_0135,ok,0,178.0
136,morris_batch_0136,ok,0,158.9
137,morris_batch_0137,ok,0,176.0
138,morris_batch_0138,ok,0,162.1
139,morris_batch_0139,ok,0,203.2
140,morris_batch_0140,ok,0,253.0
141,morris_batch_0141,ok,0,157.3
142,morris_batch_0142,ok,0,168.3
143,morris_batch_0143,ok,0,183.1
144,morris_batch_0144,ok,0,166.6
145,morris_batch_0145,ok,0,169.7
146,morris_batch_0146,ok,0,161.7
147,morris_batch_0147,ok,0,158.2
148,morris_batch_0148,ok,0,162.5
149,morris_batch_0149,ok,0,160.1
150,morris_batch_0150,ok,0,164.9
151,morris_batch_0151,ok,0,158.6
152,morris_batch_0152,ok,0,180.0
153,morris_batch_0153,ok,0,153.4
154,morris_batch_0154,ok,0,172.9
155,morris_batch_0155,ok,0,181.4
156,morris_batch_0156,ok,0,163.5
157,morris_batch_0157,ok,0,160.3
158,morris_batch_0158,ok,0,171.4
159,morris_batch_0159,ok,0,165.6
160,morris_batch_0160,ok,0,166.0
161,morris_batch_0161,ok,0,197.3
162,morris_batch_0162,ok,0,185.9
163,morris_batch_0163,ok,0,151.1
164,morris_batch_0164,ok,0,148.2
165,morris_batch_0165,ok,0,174.0
166,morris_batch_0166,ok,0,190.0
167,morris_batch_0167,ok,0,167.0
168,morris_batch_0168,ok,0,155.4
169,morris_batch_0169,ok,0,168.2
170,morris_batch_0170,ok,0,164.9
171,morris_batch_0171,ok,0,164.0
172,morris_batch_0172,ok,0,160.5
173,morris_batch_0173,ok,0,161.5
174,morris_batch_0174,ok,0,162.7
175,morris_batch_0175,ok,0,162.2
176,morris_batch_0176,ok,0,157.1
177,morris_batch_0177,ok,0,178.0
178,morris_batch_0178,ok,0,164.9
179,morris_batch_0179,ok,0,175.7
180,morris_batch_0180,ok,0,158.6
181,morris_batch_0181,ok,0,163.0
182,morris_batch_0182,ok,0,162.7
183,morris_batch_0183,ok,0,197.7
184,morris_batch_0184,ok,0,211.7
185,morris_batch_0185,ok,0,228.8
186,morris_batch_0186,ok,0,175.0
187,morris_batch_0187,ok,0,176.0
188,morris_batch_0188,ok,0,178.4
189,morris_batch_0189,ok,0,168.9
190,morris_batch_0190,ok,0,169.9
191,morris_batch_0191,ok,0,171.1
192,morris_batch_0192,ok,0,161.8
193,morris_batch_0193,ok,0,163.6
194,morris_batch_0194,ok,0,179.5
195,morris_batch_0195,ok,0,156.2
196,morris_batch_0196,ok,0,161.5
197,morris_batch_0197,ok,0,166.0
198,morris_batch_0198,ok,0,175.6
199,morris_batch_0199,ok,0,158.6
200,morris_batch_0200,ok,0,165.9
201,morris_batch_0201,ok,0,156.6
202,morris_batch_0202,ok,0,173.7
203,morris_batch_0203,ok,0,176.8
204,morris_batch_0204,ok,0,167.1
205,morris_batch_0205,ok,0,180.6
206,morris_batch_0206,ok,0,165.2
207,morris_batch_0207,ok,0,166.0
208,morris_batch_0208,ok,0,186.0
209,morris_batch_0209,ok,0,163.1
210,morris_batch_0210,ok,0,185.7
211,morris_batch_0211,ok,0,160.5
212,morris_batch_0212,ok,0,174.9
213,morris_batch_0213,ok,0,165.0
214,morris_batch_0214,ok,0,177.9
215,morris_batch_0215,ok,0,181.1
216,morris_batch_0216,ok,0,167.5
217,morris_batch_0217,ok,0,164.3
218,morris_batch_0218,ok,0,180.6
219,morris_batch_0219,ok,0,168.9
220,morris_batch_0220,ok,0,168.1
221,morris_batch_0221,ok,0,178.1
222,morris_batch_0222,ok,0,166.0
223,morris_batch_0223,ok,0,178.4
224,morris_batch_0224,ok,0,176.0
225,morris_batch_0225,ok,0,182.7
226,morris_batch_0226,ok,0,176.7
227,morris_batch_0227,ok,0,152.3
228,morris_batch_0228,ok,0,162.8
229,morris_batch_0229,ok,0,168.8
230,morris_batch_0230,ok,0,166.1
231,morris_batch_0231,ok,0,172.2
232,morris_batch_0232,ok,0,160.7
233,morris_batch_0233,ok,0,164.7
234,morris_batch_0234,ok,0,181.5
235,morris_batch_0235,ok,0,175.0
236,morris_batch_0236,ok,0,159.7
237,morris_batch_0237,ok,0,174.7
238,morris_batch_0238,ok,0,167.6
239,morris_batch_0239,ok,0,170.9
240,morris_batch_0240,ok,0,171.3
241,morris_batch_0241,ok,0,166.0
242,morris_batch_0242,ok,0,159.6
243,morris_batch_0243,ok,0,170.7
244,morris_batch_0244,ok,0,227.5
245,morris_batch_0245,ok,0,275.9
246,morris_batch_0246,ok,0,283.7
247,morris_batch_0247,ok,0,271.3
248,morris_batch_0248,ok,0,299.6
249,morris_batch_0249,ok,0,265.4
250,morris_batch_0250,ok,0,258.4
251,morris_batch_0251,ok,0,307.8
252,morris_batch_0252,ok,0,284.4
253,morris_batch_0253,ok,0,322.0
254,morris_batch_0254,ok,0,283.6
255,morris_batch_0255,ok,0,287.2
256,morris_batch_0256,ok,0,315.1
257,morris_batch_0257,ok,0,273.4
258,morris_batch_0258,ok,0,313.1
259,morris_batch_0259,ok,0,260.0
260,morris_batch_0260,ok,0,303.6
261,morris_batch_0261,ok,0,293.3
262,morris_batch_0262,ok,0,263.7
263,morris_batch_0263,ok,0,288.4
264,morris_batch_0264,ok,0,271.0
265,morris_batch_0265,ok,0,287.4
266,morris_batch_0266,ok,0,318.2
267,morris_batch_0267,ok,0,280.2
268,morris_batch_0268,ok,0,274.4
269,morris_batch_0269,ok,0,287.3
270,morris_batch_0270,ok,0,290.2
271,morris_batch_0271,ok,0,277.9
272,morris_batch_0272,ok,0,282.1
273,morris_batch_0273,ok,0,285.6
274,morris_batch_0274,ok,0,352.7
275,morris_batch_0275,ok,0,364.4
276,morris_batch_0276,ok,0,323.9
277,morris_batch_0277,ok,0,275.6
278,morris_batch_0278,ok,0,268.0
279,morris_batch_0279,ok,0,319.8
280,morris_batch_0280,ok,0,273.4
281,morris_batch_0281,ok,0,253.1
282,morris_batch_0282,ok,0,255.8
283,morris_batch_0283,ok,0,250.8
284,morris_batch_0284,ok,0,314.5
285,morris_batch_0285,ok,0,251.4
286,morris_batch_0286,ok,0,269.2
287,morris_batch_0287,ok,0,269.1
288,morris_batch_0288,ok,0,244.2
289,morris_batch_0289,ok,0,267.0
290,morris_batch_0290,ok,0,268.7
291,morris_batch_0291,ok,0,287.2
292,morris_batch_0292,ok,0,248.7
293,morris_batch_0293,ok,0,241.4
294,morris_batch_0294,ok,0,271.5
295,morris_batch_0295,ok,0,279.1
296,morris_batch_0296,ok,0,313.2
297,morris_batch_0297,ok,0,252.8
298,morris_batch_0298,ok,0,244.2
299,morris_batch_0299,ok,0,289.6
300,morris_batch_0300,ok,0,284.0
301,morris_batch_0301,ok,0,313.5
302,morris_batch_0302,ok,0,274.7
303,morris_batch_0303,ok,0,249.0
304,morris_batch_0304,ok,0,240.8
305,morris_batch_0305,ok,0,266.0
306,morris_batch_0306,ok,0,257.1
307,morris_batch_0307,ok,0,339.3
308,morris_batch_0308,ok,0,270.5
309,morris_batch_0309,ok,0,238.0
310,morris_batch_0310,ok,0,248.5
311,morris_batch_0311,ok,0,270.2
312,morris_batch_0312,ok,0,340.5
313,morris_batch_0313,ok,0,306.2
314,morris_batch_0314,ok,0,325.3
315,morris_batch_0315,ok,0,334.7
316,morris_batch_0316,ok,0,287.9
317,morris_batch_0317,ok,0,309.8
318,morris_batch_0318,ok,0,305.3
319,morris_batch_0319,ok,0,280.1
320,morris_batch_0320,ok,0,269.6
321,morris_batch_0321,ok,0,289.0
322,morris_batch_0322,ok,0,321.5
323,morris_batch_0323,ok,0,306.1
324,morris_batch_0324,ok,0,304.7
325,morris_batch_0325,ok,0,246.0
326,morris_batch_0326,ok,0,274.3
327,morris_batch_0327,ok,0,215.6
328,morris_batch_0328,ok,0,182.9
329,morris_batch_0329,ok,0,184.8
330,morris_batch_0330,ok,0,201.7
331,morris_batch_0331,ok,0,184.0
332,morris_batch_0332,ok,0,204.7
333,morris_batch_0333,run_error,1,1.7
334,morris_batch_0334,ok,0,192.5
335,morris_batch_0335,ok,0,195.1
336,morris_batch_0336,ok,0,200.7
337,morris_batch_0337,ok,0,200.4
338,morris_batch_0338,ok,0,185.1
339,morris_batch_0339,ok,0,201.5
340,morris_batch_0340,ok,0,202.5
341,morris_batch_0341,ok,0,198.9
342,morris_batch_0342,ok,0,196.5
343,morris_batch_0343,ok,0,205.1
344,morris_batch_0344,ok,0,209.7
345,morris_batch_0345,ok,0,193.6
346,morris_batch_0346,ok,0,195.9
347,morris_batch_0347,ok,0,201.4
348,morris_batch_0348,ok,0,176.3
349,morris_batch_0349,ok,0,169.0
350,morris_batch_0350,ok,0,171.6
351,morris_batch_0351,ok,0,184.4
352,morris_batch_0352,ok,0,184.7
353,morris_batch_0353,ok,0,180.5
354,morris_batch_0354,ok,0,183.0
355,morris_batch_0355,ok,0,179.0
356,morris_batch_0356,ok,0,183.7
357,morris_batch_0357,ok,0,185.6
358,morris_batch_0358,ok,0,171.9
359,morris_batch_0359,ok,0,181.9
360,morris_batch_0360,ok,0,183.1
361,morris_batch_0361,ok,0,176.7
362,morris_batch_0362,ok,0,185.8
363,morris_batch_0363,ok,0,183.7
364,morris_batch_0364,ok,0,183.7
365,morris_batch_0365,ok,0,185.5
366,morris_batch_0366,ok,0,218.3
367,morris_batch_0367,ok,0,195.2
368,morris_batch_0368,ok,0,169.3
369,morris_batch_0369,ok,0,172.7
370,morris_batch_0370,ok,0,164.1
371,morris_batch_0371,ok,0,158.1
372,morris_batch_0372,ok,0,160.9
373,morris_batch_0373,ok,0,174.0
374,morris_batch_0374,ok,0,184.9
375,morris_batch_0375,ok,0,189.0
376,morris_batch_0376,ok,0,179.1
377,morris_batch_0377,ok,0,185.8
378,morris_batch_0378,ok,0,184.8
379,morris_batch_0379,ok,0,185.2
380,morris_batch_0380,ok,0,167.2
381,morris_batch_0381,ok,0,177.0
382,morris_batch_0382,ok,0,192.2
383,morris_batch_0383,ok,0,188.3
384,morris_batch_0384,ok,0,180.4
385,morris_batch_0385,ok,0,168.2
386,morris_batch_0386,ok,0,196.3
387,morris_batch_0387,ok,0,186.7
388,morris_batch_0388,ok,0,190.7
389,morris_batch_0389,ok,0,191.0
390,morris_batch_0390,ok,0,179.6
391,morris_batch_0391,ok,0,180.5
392,morris_batch_0392,ok,0,176.8
393,morris_batch_0393,ok,0,210.8
394,morris_batch_0394,ok,0,201.3
395,morris_batch_0395,ok,0,183.7
396,morris_batch_0396,ok,0,177.6
397,morris_batch_0397,ok,0,196.5
398,morris_batch_0398,ok,0,185.4
399,morris_batch_0399,ok,0,176.5
400,morris_batch_0400,ok,0,178.0
401,morris_batch_0401,ok,0,167.4
402,morris_batch_0402,ok,0,272.9
403,morris_batch_0403,ok,0,174.1
404,morris_batch_0404,ok,0,154.1
405,morris_batch_0405,ok,0,159.8
406,morris_batch_0406,ok,0,158.6
407,morris_batch_0407,ok,0,161.0
408,morris_batch_0408,ok,0,166.6
409,morris_batch_0409,ok,0,158.9
410,morris_batch_0410,ok,0,170.8
411,morris_batch_0411,ok,0,161.6
412,morris_batch_0412,ok,0,162.9
413,morris_batch_0413,ok,0,170.6
414,morris_batch_0414,ok,0,170.6
415,morris_batch_0415,ok,0,171.9
416,morris_batch_0416,ok,0,169.8
417,morris_batch_0417,ok,0,169.5
418,morris_batch_0418,ok,0,159.7
419,morris_batch_0419,ok,0,169.9
420,morris_batch_0420,ok,0,159.7
421,morris_batch_0421,ok,0,163.5
422,morris_batch_0422,ok,0,169.0
423,morris_batch_0423,ok,0,166.3
424,morris_batch_0424,ok,0,176.7
425,morris_batch_0425,ok,0,183.6
426,morris_batch_0426,ok,0,167.2
427,morris_batch_0427,ok,0,173.7
428,morris_batch_0428,ok,0,173.1
429,morris_batch_0429,ok,0,172.4
430,morris_batch_0430,ok,0,167.9
431,morris_batch_0431,ok,0,173.4
432,morris_batch_0432,ok,0,165.6
433,morris_batch_0433,ok,0,162.8
434,morris_batch_0434,ok,0,162.0
435,morris_batch_0435,ok,0,192.1
436,morris_batch_0436,ok,0,178.9
437,morris_batch_0437,ok,0,189.3
438,morris_batch_0438,ok,0,177.0
439,morris_batch_0439,ok,0,196.4
440,morris_batch_0440,ok,0,192.1
441,morris_batch_0441,ok,0,193.1
442,morris_batch_0442,ok,0,193.3
443,morris_batch_0443,ok,0,163.8
444,morris_batch_0444,ok,0,168.9
445,morris_batch_0445,ok,0,167.2
446,morris_batch_0446,ok,0,179.0
447,morris_batch_0447,ok,0,170.5
448,morris_batch_0448,ok,0,161.0
449,morris_batch_0449,ok,0,171.3
450,morris_batch_0450,ok,0,152.6
451,morris_batch_0451,ok,0,165.5
452,morris_batch_0452,ok,0,183.2
453,morris_batch_0453,ok,0,158.2
454,morris_batch_0454,ok,0,172.0
455,morris_batch_0455,ok,0,162.6
456,morris_batch_0456,ok,0,156.8
457,morris_batch_0457,ok,0,154.3
458,morris_batch_0458,ok,0,161.1
459,morris_batch_0459,ok,0,172.3
460,morris_batch_0460,ok,0,162.4
461,morris_batch_0461,ok,0,169.9
462,morris_batch_0462,ok,0,155.3
463,morris_batch_0463,ok,0,165.6
464,morris_batch_0464,ok,0,163.3
465,morris_batch_0465,ok,0,169.7
466,morris_batch_0466,ok,0,168.2
467,morris_batch_0467,ok,0,163.9
468,morris_batch_0468,ok,0,170.9
469,morris_batch_0469,run_error,1,2.8
470,morris_batch_0470,ok,0,170.2
471,morris_batch_0471,ok,0,163.7
472,morris_batch_0472,ok,0,172.1
473,morris_batch_0473,ok,0,178.3
474,morris_batch_0474,ok,0,171.7
475,morris_batch_0475,ok,0,172.7
476,morris_batch_0476,ok,0,181.3
477,morris_batch_0477,ok,0,169.0
478,morris_batch_0478,ok,0,181.3
479,morris_batch_0479,ok,0,166.5
480,morris_batch_0480,ok,0,168.5
481,morris_batch_0481,ok,0,169.6
482,morris_batch_0482,ok,0,176.3
483,morris_batch_0483,ok,0,179.8
484,morris_batch_0484,ok,0,179.9
485,morris_batch_0485,ok,0,184.1
486,morris_batch_0486,ok,0,168.5
487,morris_batch_0487,ok,0,173.0
488,morris_batch_0488,ok,0,167.7
489,morris_batch_0489,ok,0,171.1
490,morris_batch_0490,ok,0,174.1
491,morris_batch_0491,ok,0,180.1
492,morris_batch_0492,ok,0,168.6
493,morris_batch_0493,ok,0,188.3
494,morris_batch_0494,ok,0,178.6
495,morris_batch_0495,ok,0,165.2
496,morris_batch_0496,ok,0,165.2
497,morris_batch_0497,ok,0,168.8
498,morris_batch_0498,ok,0,163.1
499,morris_batch_0499,ok,0,171.7
