year,crop_base_yd1,crop_base_left1,crop_base_yd2,crop_base_left2,crop_proj_yd1,crop_proj_left1,crop_proj_yd2,crop_proj_left2,fire_on_base,fire_off_base,fire_on_proj,fire_off_proj,thin_base_cohort1,thin_base_br_cohort1,thin_base_st_cohort1,mort_base_cohort1,mort_base_br_cohort1,mort_base_st_cohort1,thin_proj_cohort1,thin_proj_br_cohort1,thin_proj_st_cohort1,mort_proj_cohort1,mort_proj_br_cohort1,mort_proj_st_cohort1,base_lit_qty1,proj_lit_qty1,base_sf_qty1,base_sf_n1,proj_sf_qty1,proj_sf_n1
0,10,0.5,1.5,0.5,8,0.5,1.5,0.5,0,0,0,0,0,0,0,0,0,0,0,0.5,0.5,0.02,0.5,0.5,0,1,1,0.2,0,0
1,10,0.5,1.5,0.5,8,0.5,1.5,0.5,0,0,0,0,0,0,0,0,0,0,0,0.5,0.5,0.02,0.5,0.5,0,1,1,0.2,0,0
2,10,0.5,1.5,0.5,8,0.5,1.5,0.5,0,0,0,0,0,0,0,0,0,0,0,0.5,0.5,0.02,0.5,0.5,0,1,1,0.2,0,0
3,10,0.5,1.5,0.5,8,0.5,1.5,0.5,0,0,0,0,0,0,0,0,0,0,0,0.5,0.5,0.02,0.5,0.5,0,1,1,0.2,0,0
4,10,0.5,1.5,0.5,8,0.5,1.5,0.5,0,0,0,0,0,0,0,0,0,0,0,0.5,0.5,0.02,0.5,0.5,0,1,1,0.2,0,0
5,10,0.5,1.5,0.5,8,0.5,0,0,0,0,0,0,0,0,0,0,0,0,0,0.5,0.5,0.02,0.5,0.5,0,1,1,0.2,0,0
6,10,0.5,1.5,0.5,8,0.5,0,0,0,0,0,0,0,0,0,0,0,0,0,0.5,0.5,0.02,0.5,0.5,0,1,1,0.2,0,0
7,10,0.5,1.5,0.5,8,0.5,0,0,0,0,0,0,0,0,0,0,0,0,0.04,0.5,0.5,0.02,0.5,0.5,0,1,1,0.2,0,0
8,10,0.5,1.5,0.5,8,0.5,0,0,0,0,0,0,0,0,0,0,0,0,0,0.5,0.5,0.02,0.5,0.5,0,1,1,0.2,0,0
9,10,0.5,1.5,0.5,8,0.5,0,0,0,0,0,0,0,0,0,0,0,0,0,0.5,0.5,0.02,0.5,0.5,0,1,1,0.2,0,0
10,10,0.5,1.5,0.5,8,0.5,0,0,0,0,0,0,0,0,0,0,0,0,0.04,0.5,0.5,0.02,0.5,0.5,0,1,1,0.2,0,0
11,10,0.5,1.5,0.5,6,0.5,0,0,0,0,0,0,0,0,0,0,0,0,0,0.5,0.5,0.02,0.5,0.5,0,1,1,0.2,0,0
12,10,0.5,1.5,0.5,6,0.5,0,0,0,0,0,0,0,0,0,0,0,0,0,0.5,0.5,0.02,0.5,0.5,0,1,1,0.2,0,0
13,10,0.5,1.5,0.5,6,0.5,0,0,0,0,0,0,0,0,0,0,0,0,0,0.5,0.5,0.02,0.5,0.5,0,1,1,0.2,0,0
14,10,0.5,1.5,0.5,6,0.5,0,0,0,0,0,0,0,0,0,0,0,0,0,0.5,0.5,0.02,0.5,0.5,0,1,1,0.2,0,0
15,10,0.5,1.5,0.5,6,0.5,0,0,0,0,0,0,0,0,0,0,0,0,0.07,0.5,0.5,0.02,0.5,0.5,0,1,1,0.2,0,0
16,10,0.5,1.5,0.5,6,0.5,0,0,0,0,0,0,0,0,0,0,0,0,0,0.5,0.5,0.02,0.5,0.5,0,1,1,0.2,0,0
17,10,0.5,1.5,0.5,6,0.5,0,0,0,0,0,0,0,0,0,0,0,0,0,0.5,0.5,0.02,0.5,0.5,0,1,1,0.2,0,0
18,10,0.5,1.5,0.5,6,0.5,0,0,0,0,0,0,0,0,0,0,0,0,0,0.5,0.5,0.02,0.5,0.5,0,1,1,0.2,0,0
19,10,0.5,1.5,0.5,6,0.5,0,0,0,0,0,0,0,0,0,0,0,0,0,0.5,0.5,0.02,0.5,0.5,0,1,1,0.2,0,0
20,10,0.5,1.5,0.5,6,0.5,0,0,0,0,0,0,0,0,0,0,0,0,0,0.5,0.5,0.02,0.5,0.5,0,1,1,0.2,0,0
21,10,0.5,1.5,0.5,4,0.5,0,0,0,0,0,0,0,0,0,0,0,0,0,0.5,0.5,0.02,0.5,0.5,0,1,1,0.2,0,0
22,10,0.5,1.5,0.5,4,0.5,0,0,0,0,0,0,0,0,0,0,0,0,0,0.5,0.5,0.02,0.5,0.5,0,1,1,0.2,0,0
23,10,0.5,1.5,0.5,4,0.5,0,0,0,0,0,0,0,0,0,0,0,0,0,0.5,0.5,0.02,0.5,0.5,0,1,1,0.2,0,0
24,10,0.5,1.5,0.5,4,0.5,0,0,0,0,0,0,0,0,0,0,0,0,0,0.5,0.5,0.02,0.5,0.5,0,1,1,0.2,0,0
25,10,0.5,1.5,0.5,4,0.5,0,0,0,0,0,0,0,0,0,0,0,0,0,0.5,0.5,0.02,0.5,0.5,0,1,1,0.2,0,0
26,10,0.5,1.5,0.5,4,0.5,0,0,0,0,0,0,0,0,0,0,0,0,0,0.5,0.5,0.02,0.5,0.5,0,1,1,0.2,0,0
27,10,0.5,1.5,0.5,4,0.5,0,0,0,0,0,0,0,0,0,0,0,0,0,0.5,0.5,0.02,0.5,0.5,0,1,1,0.2,0,0
28,10,0.5,1.5,0.5,4,0.5,0,0,0,0,0,0,0,0,0,0,0,0,0,0.5,0.5,0.02,0.5,0.5,0,1,1,0.2,0,0
29,10,0.5,1.5,0.5,4,0.5,0,0,0,0,0,0,0,0,0,0,0,0,0,0.5,0.5,0.02,0.5,0.5,0,1,1,0.2,0,0
30,10,0.5,1.5,0.5,4,0.5,0,0,0,0,0,0,0,0,0,0,0,0,0,0.5,0.5,0.02,0.5,0.5,0,1,1,0.2,0,0
31,10,0.5,1.5,0.5,0,0.5,0,0,0,0,0,0,0,0,0,0,0,0,0,0.5,0.5,0.02,0.5,0.5,0,1,1,0.2,0,0
32,10,0.5,1.5,0.5,0,0.5,0,0,0,0,0,0,0,0,0,0,0,0,0,0.5,0.5,0.02,0.5,0.5,0,1,1,0.2,0,0
33,10,0.5,1.5,0.5,0,0.5,0,0,0,0,0,0,0,0,0,0,0,0,0,0.5,0.5,0.02,0.5,0.5,0,1,1,0.2,0,0
34,10,0.5,1.5,0.5,0,0.5,0,0,0,0,0,0,0,0,0,0,0,0,0,0.5,0.5,0.02,0.5,0.5,0,1,1,0.2,0,0
35,10,0.5,1.5,0.5,0,0.5,0,0,0,0,0,0,0,0,0,0,0,0,0.2,0.5,0.5,0.02,0.5,0.5,0,1,1,0.2,0,0
36,10,0.5,1.5,0.5,0,0.5,0,0,0,0,0,0,0,0,0,0,0,0,0,0.5,0.5,0.02,0.5,0.5,0,1,1,0.2,0,0
37,10,0.5,1.5,0.5,0,0.5,0,0,0,0,0,0,0,0,0,0,0,0,0,0.5,0.5,0.02,0.5,0.5,0,1,1,0.2,0,0
38,10,0.5,1.5,0.5,0,0.5,0,0,0,0,0,0,0,0,0,0,0,0,0,0.5,0.5,0.02,0.5,0.5,0,1,1,0.2,0,0
39,10,0.5,1.5,0.5,0,0.5,0,0,0,0,0,0,0,0,0,0,0,0,0,0.5,0.5,0.02,0.5,0.5,0,1,1,0.2,0,0
40,10,0.5,1.5,0.5,0,0.5,0,0,0,0,0,0,0,0,0,0,0,0,0,0.5,0.5,0.02,0.5,0.5,0,1,1,0.2,0,0
41,10,0.5,1.5,0.5,0,0.5,0,0,0,0,0,0,0,0,0,0,0,0,0,0.5,0.5,0.02,0.5,0.5,0,1,1,0.2,0,0
42,10,0.5,1.5,0.5,0,0.5,0,0,0,0,0,0,0,0,0,0,0,0,0,0.5,0.5,0.02,0.5,0.5,0,1,1,0.2,0,0
43,10,0.5,1.5,0.5,0,0.5,0,0,0,0,0,0,0,0,0,0,0,0,0,0.5,0.5,0.02,0.5,0.5,0,1,1,0.2,0,0
44,10,0.5,1.5,0.5,0,0.5,0,0,0,0,0,0,0,0,0,0,0,0,0,0.5,0.5,0.02,0.5,0.5,0,1,1,0.2,0,0
45,10,0.5,1.5,0.5,0,0.5,0,0,0,0,0,0,0,0,0,0,0,0,0,0.5,0.5,0.02,0.5,0.5,0,1,1,0.2,0,0
46,10,0.5,1.5,0.5,0,0.5,0,0,0,0,0,0,0,0,0,0,0,0,0,0.5,0.5,0.02,0.5,0.5,0,1,1,0.2,0,0
47,10,0.5,1.5,0.5,0,0.5,0,0,0,0,0,0,0,0,0,0,0,0,0,0.5,0.5,0.02,0.5,0.5,0,1,1,0.2,0,0
48,10,0.5,1.5,0.5,0,0.5,0,0,0,0,0,0,0,0,0,0,0,0,0,0.5,0.5,0.02,0.5,0.5,0,1,1,0.2,0,0
49,10,0.5,1.5,0.5,0,0.5,0,0,0,0,0,0,0,0,0,0,0,0,0,0.5,0.5,0.02,0.5,0.5,0,1,1,0.2,0,0
50,,,,,,,,,,,,,0,0,0,0,0,0,0,0.5,0.5,0.02,0.5,0.5,0,1,1,0.2,0,0
